{
  "task": "eddy",
  "variables": {
    "adt": {
      "mean": 0.8905614123579311,
      "std": 0.4277416708718609
    },
    "ugos": {
      "mean": 0.048695528489097306,
      "std": 0.22902905462155979
    },
    "vgos": {
      "mean": -0.001364699731380567,
      "std": 0.21282598172237022
    }
  }
}