{
  "task": "element_forecasting",
  "mode": "single_file",
  "checkpoint": "/root/OceanRace/outputs/element_forecasting/checkpoints/hybrid_best.pt",
  "dataset": {
    "data_file": "/root/OceanRace/data/processed/element_forecasting/path.txt",
    "split": "test",
    "total_windows": 47758,
    "selected_windows": 2134,
    "single_file_train_ratio": 0.7,
    "single_file_val_ratio": 0.15
  },
  "model": {
    "var_names": [
      "sst",
      "sss",
      "ssu",
      "ssv"
    ],
    "input_steps": 24,
    "single_shot_output_steps": 24,
    "eval_output_steps": 72,
    "rolling_iterations_estimate": 3,
    "time_step_hours": 1.0,
    "horizon_hours": 72.0
  },
  "competition_thresholds": {
    "horizon_hours_min": 72.0,
    "nrmse_percent_max": 15.0
  },
  "metrics": {
    "mse": 0.22139556810853692,
    "rmse": 0.470526904765856,
    "mae": 0.23373599902285117,
    "bias": 0.01153007020501632,
    "nse": 0.9988169600922835,
    "nrmse_percent": 1.274346212050782
  },
  "segmented_metrics": {
    "first_24h": {
      "mse": 0.10767549422161012,
      "rmse": 0.32813944325790845,
      "mae": 0.1659721983665984,
      "bias": 0.003060169016564654,
      "nrmse_percent": 0.8887127437447067
    },
    "last_24h": {
      "mse": 0.33154671453835205,
      "rmse": 0.5758009330822172,
      "mae": 0.29286649644593693,
      "bias": 0.016823274689822913,
      "nrmse_percent": 1.5594639340204541
    },
    "delta_last_minus_first": {
      "rmse": 0.2476614898243088,
      "mae": 0.12689429807933852,
      "bias": 0.01376310567325826,
      "nrmse_percent": 0.6707511902757475
    }
  },
  "per_variable_summary": {
    "rows": [
      {
        "var": "sst",
        "bias": 0.07844067958939442,
        "mae": 0.6548666933045745,
        "rmse": 0.8804934168705169,
        "nrmse_percent": 2.632975590001056,
        "rmse_first_24h": 0.6222915019919981,
        "rmse_last_24h": 1.0709008797097581,
        "rmse_growth_last_vs_first": 1.7208990903487038
      },
      {
        "var": "sss",
        "bias": -0.01797760598689143,
        "mae": 0.1677072036399463,
        "rmse": 0.31229925307836076,
        "nrmse_percent": 0.9328490695819672,
        "rmse_first_24h": 0.18956208297823807,
        "rmse_last_24h": 0.40375637471029324,
        "rmse_growth_last_vs_first": 2.1299426993353143
      },
      {
        "var": "ssu",
        "bias": -0.006334815470923906,
        "mae": 0.05355395199820356,
        "rmse": 0.07608232081158835,
        "nrmse_percent": 2.792011626333346,
        "rmse_first_24h": 0.061364104245596775,
        "rmse_last_24h": 0.08458155190541013,
        "rmse_growth_last_vs_first": 1.3783555214444336
      },
      {
        "var": "ssv",
        "bias": -0.008008296095625833,
        "mae": 0.05881313483953585,
        "rmse": 0.08360996617437255,
        "nrmse_percent": 2.8771494226844148,
        "rmse_first_24h": 0.06127124522177169,
        "rmse_last_24h": 0.09580933016028122,
        "rmse_growth_last_vs_first": 1.56369157854551
      }
    ],
    "worst_nrmse_var": {
      "var": "ssv",
      "bias": -0.008008296095625833,
      "mae": 0.05881313483953585,
      "rmse": 0.08360996617437255,
      "nrmse_percent": 2.8771494226844148,
      "rmse_first_24h": 0.06127124522177169,
      "rmse_last_24h": 0.09580933016028122,
      "rmse_growth_last_vs_first": 1.56369157854551
    }
  },
  "pass": {
    "horizon": true,
    "nrmse_percent": true,
    "overall": true
  },
  "artifacts": {
    "per_horizon_csv": "/root/OceanRace/outputs/final_results/element_forecasting/competition_single_file/per_horizon_metrics.csv",
    "segment_bias_csv": "/root/OceanRace/outputs/final_results/element_forecasting/competition_single_file/segment_bias_metrics.csv",
    "per_variable_csv": "/root/OceanRace/outputs/final_results/element_forecasting/competition_single_file/per_variable_summary.csv",
    "figures": [
      "/root/OceanRace/outputs/final_results/element_forecasting/competition_single_file/figures/horizon_metrics.png",
      "/root/OceanRace/outputs/final_results/element_forecasting/competition_single_file/figures/competition_threshold_comparison.png",
      "/root/OceanRace/outputs/final_results/element_forecasting/competition_single_file/figures/sample_01_timeseries_spatial_mean.png",
      "/root/OceanRace/outputs/final_results/element_forecasting/competition_single_file/figures/sample_01_last_horizon_map_sst.png",
      "/root/OceanRace/outputs/final_results/element_forecasting/competition_single_file/figures/sample_01_last_horizon_map_sss.png",
      "/root/OceanRace/outputs/final_results/element_forecasting/competition_single_file/figures/sample_01_last_horizon_map_ssu.png",
      "/root/OceanRace/outputs/final_results/element_forecasting/competition_single_file/figures/sample_01_last_horizon_map_ssv.png",
      "/root/OceanRace/outputs/final_results/element_forecasting/competition_single_file/figures/sample_02_timeseries_spatial_mean.png",
      "/root/OceanRace/outputs/final_results/element_forecasting/competition_single_file/figures/sample_02_last_horizon_map_sst.png",
      "/root/OceanRace/outputs/final_results/element_forecasting/competition_single_file/figures/sample_02_last_horizon_map_sss.png",
      "/root/OceanRace/outputs/final_results/element_forecasting/competition_single_file/figures/sample_02_last_horizon_map_ssu.png",
      "/root/OceanRace/outputs/final_results/element_forecasting/competition_single_file/figures/sample_02_last_horizon_map_ssv.png",
      "/root/OceanRace/outputs/final_results/element_forecasting/competition_single_file/figures/sample_03_timeseries_spatial_mean.png",
      "/root/OceanRace/outputs/final_results/element_forecasting/competition_single_file/figures/sample_03_last_horizon_map_sst.png",
      "/root/OceanRace/outputs/final_results/element_forecasting/competition_single_file/figures/sample_03_last_horizon_map_sss.png",
      "/root/OceanRace/outputs/final_results/element_forecasting/competition_single_file/figures/sample_03_last_horizon_map_ssu.png",
      "/root/OceanRace/outputs/final_results/element_forecasting/competition_single_file/figures/sample_03_last_horizon_map_ssv.png",
      "/root/OceanRace/outputs/final_results/element_forecasting/competition_single_file/figures/sample_04_timeseries_spatial_mean.png",
      "/root/OceanRace/outputs/final_results/element_forecasting/competition_single_file/figures/sample_04_last_horizon_map_sst.png",
      "/root/OceanRace/outputs/final_results/element_forecasting/competition_single_file/figures/sample_04_last_horizon_map_sss.png",
      "/root/OceanRace/outputs/final_results/element_forecasting/competition_single_file/figures/sample_04_last_horizon_map_ssu.png",
      "/root/OceanRace/outputs/final_results/element_forecasting/competition_single_file/figures/sample_04_last_horizon_map_ssv.png"
    ]
  },
  "sample_selection": {
    "strategy": "mixed",
    "plot_samples": 4,
    "hard_sample_ratio": 0.5,
    "selected_count": 4
  },
  "notes": [
    "evaluation is single-file only and uses rolling autoregressive forecasting",
    "nrmse_percent = RMSE / (target_max - target_min) * 100 on valid mask",
    "if time_step_hours is not 1, pass --time-step-hours explicitly"
  ]
}